{
  " profile ": [
    {
      "title": "Profile",
      "img": "https://i.imgur.com/EMcyIBn.png",
      "text": "Extremely motivated to constantly develop my skills and grow professionally. I am confident in my ability to come up with new ideas and enhance  my UI and UX skills.",
      "icon": "paint-brush"
    },
    {
      "title": "Quotes",
      "text": "Lorem ipsum dolor sit amet, consectetur adipiscing elit. Sed convallis ante nec imperdiet venenatis. Aenean sed consectetur enim. Donec pretium erat ut varius varius.",
      "icon": "quote-left",
      "img": "https://i.imgur.com/PldPiNS.png"
    },
    {
      "title": "Inspiration",
      "text": "Lorem ipsum dolor sit amet, consectetur adipiscing elit. Sed convallis ante nec imperdiet venenatis. Aenean sed consectetur enim. Donec pretium erat ut varius varius.",
      "img": "https://i.imgur.com/ih8gwVB.png",
      "icon": "lightbulb"
    }
  ],
  "product": [
    {
      "id":1,
      "title": "hdhdkfdf",
      "img": "http://surl.li/hcadw",
      "price": 1000,
      "rating": {
        "rate": 5,
        "count": 120
      },
      "text": "Extremely motivated to constantly develop my skills and grow professionally. I am confident in my ability to come up with new ideas and enhance  my UI and UX skills.",
      "icon": "paint-brush"
    },
    {
      "id":2,
      "title": "dfdhjjdfk",
      " img": "http://surl.li/hcagp",
      "price": 1200,
      "rating": {
        "rate": 4.5,
        "count": 120
      },
      "text": "Extremely motivated to constantly develop my skills and grow professionally. I am confident in my ability to come up with new ideas and enhance  my UI and UX skills.",
      "icon": "paint-brush"
    },
    {
      "id":3,
      "title": "fdfkdjffkdf",
      "img": "http://surl.li/hcadw",
      "price": 900,
      "rating": {
        "rate": 4,
        "count": 120
      },
      "text": "Extremely motivated to constantly develop my skills and grow professionally. I am confident in my ability to come up with new ideas and enhance  my UI and UX skills.",
      "icon": "paint-brush"
    },
    {
      "id":4,
      "title": "shdjhfj",
      "img": "http://surl.li/hcagp",
      "price": 700,
      "rating": {
        "rate": 3,
        "count": 120
      },
      "text": "Extremely motivated to constantly develop my skills and grow professionally. I am confident in my ability to come up with new ideas and enhance  my UI and UX skills.",
      "icon": "paint-brush"
    },
    {
      "id":5,
      "title": "fsgd",
      "img": "http://surl.li/hcadw",
      "price": 600,
      "rating": {
        "rate": 3,
        "count": 120
      },
      "text": "Extremely motivated to constantly develop my skills and grow professionally. I am confident in my ability to come up with new ideas and enhance  my UI and UX skills.",
      "icon": "paint-brush"
    },
    {
      "id":6,
      "title": "dfhdddf",
      "img": "http://surl.li/hcagp",
      "price": 800,
      "rating": {
        "rate": 4,
        "count": 120
      },
      "text": "Extremely motivated to constantly develop my skills and grow professionally. I am confident in my ability to come up with new ideas and enhance  my UI and UX skills.",
      "icon": "paint-brush"
    },
    {
      "id":7,
      "title": "fgdffg",
      "img": "http://surl.li/hcadw",
      "price": 700,
      "rating": {
        "rate": 3.9,
        "count": 120
      },
      "text": "Extremely motivated to constantly develop my skills and grow professionally. I am confident in my ability to come up with new ideas and enhance  my UI and UX skills.",
      "icon": "paint-brush"
    },
    {
      "id":8,
      "title": "gfghghg",
      "img": "http://surl.li/hcagp",
      "price": 300,
      "rating": {
        "rate": 2,
        "count": 120
      },
      "text": "Extremely motivated to constantly develop my skills and grow professionally. I am confident in my ability to come up with new ideas and enhance  my UI and UX skills.",
      "icon": "paint-brush"
    },
    {
      "id":9,
      "title": "jfhfj",
      "img": "http://surl.li/hcadw",
      "price": 500,
      "rating": {
        "rate": 3.5,
        "count": 120
      },
      "text": "Extremely motivated to constantly develop my skills and grow professionally. I am confident in my ability to come up with new ideas and enhance  my UI and UX skills.",
      "icon": "paint-brush"
    }
  ],
  "login": [
    {
      "username": "jashoda",
      "email": "jasu@gmail.com",
      "password": "jasu@123",
      "firstname": "jashoda",
      "lastname": "Vasava",
      "id": 1
    },
    {
      "email": "test2@gmail.com",
      "password": "56565",
      "id": 2
    },
    {
      "email": "walter@test.com",
      "password": "5656",
      "id": 3
    },
    {
      "email": "jasu123@gmail.com",
      "password": "4565",
      "id": 4
    },
    {
      "email": "walter@test.com",
      "password": "4343",
      "id": 5
    },
    {
      "email": "jasu123@gmail.com",
      "password": "45456",
      "id": 6
    },
    {
      "email": "walter@test.com",
      "password": "56",
      "id": 7
    },
    {
      "method": "POST",
      "headers": {
        "Content-Type": "application/json"
      },
      "body": "{\"email\":\"jasu123@gmail.com\",\"password\":\"eeewe\"}",
      "id": 8
    },
    {
      "method": "POST",
      "headers": {
        "Content-Type": "application/json"
      },
      "body": "{\"email\":\"walter@test.com\",\"password\":\"33454\"}",
      "id": 9
    },
    {
      "email": "jasu123@gmail.com",
      "password": "34343",
      "id": 10
    },
    {
      "email": "sprovider@mail.com",
      "password": "798989",
      "id": 11
    },
    {
      "method": "POST",
      "headers": {
        "Content-Type": "application/json"
      },
      "body": "{\"email\":\"walter@test.com\",\"password\":\"45455556\"}",
      "id": 12
    },
    {
      "method": "POST",
      "headers": {
        "Content-Type": "application/json"
      },
      "body": "{\"email\":\"jasu123@gmail.com\",\"password\":\"44545\"}",
      "id": 13
    },
    {
      "method": "POST",
      "headers": {
        "Content-Type": "application/json",
        "dataType": "json"
      },
      "body": "{\"email\":\"sprovider@mail.com\",\"password\":\"67676\"}",
      "id": 14
    },
    {
      "email": "testing@mail.com",
      "password": "test",
      "id": 15
    },
    {
      "email": "walter@test.com",
      "password": "45454",
      "id": 16
    },
    {
      "email": "sprovider@mail.com",
      "password": "4545",
      "id": 17
    },
    {
      "email": "jasu123@gmail.com",
      "password": "465656",
      "id": 18
    },
    {
      "email": "walter@test.com",
      "password": "454545",
      "id": 19
    },
    {
      "email": "sprovider@mail.com",
      "password": "343434",
      "id": 20
    },
    {
      "email": "jasu123@gmail.com",
      "password": "5454",
      "id": 21
    },
    {
      "email": "sprovider@mail.com",
      "password": "jasu@123",
      "id": 22
    },
    {
      "email": "sprovider@mail.com",
      "password": "32334",
      "id": 23
    }
  ]
}