{
	"info": {
		"_postman_id": "5254d74a-ce58-4195-bda5-7ba7c7cb7f0d",
		"name": "Job",
		"schema": "https://schema.getpostman.com/json/collection/v2.1.0/collection.json",
		"_exporter_id": "20846483"
	},
	"item": [
		{
			"name": "master",
			"item": [
				{
					"name": "save_skills",
					"request": {
						"auth": {
							"type": "bearer",
							"bearer": [
								{
									"key": "token",
									"value": "{{token}}",
									"type": "string"
								}
							]
						},
						"method": "POST",
						"header": [],
						"body": {
							"mode": "raw",
							"raw": "{\r\n   \"name\":\"SALE\",\r\n   \"isactive\":\"Y\",\r\n   \"expactedindustryid\": 1\r\n}",
							"options": {
								"raw": {
									"language": "json"
								}
							}
						},
						"url": {
							"raw": "{{host}}/api/v1/master/save_skills",
							"host": [
								"{{host}}"
							],
							"path": [
								"api",
								"v1",
								"master",
								"save_skills"
							]
						}
					},
					"response": []
				},
				{
					"name": "get_skills",
					"request": {
						"auth": {
							"type": "bearer",
							"bearer": [
								{
									"key": "token",
									"value": "{{token}}",
									"type": "string"
								}
							]
						},
						"method": "POST",
						"header": [],
						"body": {
							"mode": "raw",
							"raw": "{\r\n  \"isactive\": \"Y\",\r\n  \"pageable\":{\r\n      \"pageno\":0,\r\n      \"pagesize\":10\r\n  }\r\n}",
							"options": {
								"raw": {
									"language": "json"
								}
							}
						},
						"url": {
							"raw": "{{host}}/api/v1/master/getskills",
							"host": [
								"{{host}}"
							],
							"path": [
								"api",
								"v1",
								"master",
								"getskills"
							]
						}
					},
					"response": []
				},
				{
					"name": "save_company_size",
					"request": {
						"auth": {
							"type": "bearer",
							"bearer": [
								{
									"key": "token",
									"value": "{{token}}",
									"type": "string"
								}
							]
						},
						"method": "POST",
						"header": [],
						"body": {
							"mode": "raw",
							"raw": "{\r\n   \"id\":1,\r\n   \"name\":\"0 -20 Employee\",\r\n   \"isactive\":\"Y\"\r\n}",
							"options": {
								"raw": {
									"language": "json"
								}
							}
						},
						"url": {
							"raw": "{{host}}/api/v1/master/save_company_size",
							"host": [
								"{{host}}"
							],
							"path": [
								"api",
								"v1",
								"master",
								"save_company_size"
							]
						}
					},
					"response": []
				},
				{
					"name": "get company size",
					"request": {
						"auth": {
							"type": "bearer",
							"bearer": [
								{
									"key": "token",
									"value": "{{token}}",
									"type": "string"
								}
							]
						},
						"method": "POST",
						"header": [],
						"body": {
							"mode": "raw",
							"raw": "{\r\n  \"isactive\": \"Y\",\r\n  \"pageable\":{\r\n      \"pageno\":0,\r\n      \"pagesize\":10\r\n  }\r\n}",
							"options": {
								"raw": {
									"language": "json"
								}
							}
						},
						"url": {
							"raw": "{{host}}/api/v1/master/getCompanySize",
							"host": [
								"{{host}}"
							],
							"path": [
								"api",
								"v1",
								"master",
								"getCompanySize"
							]
						}
					},
					"response": []
				},
				{
					"name": "save_education",
					"request": {
						"auth": {
							"type": "bearer",
							"bearer": [
								{
									"key": "token",
									"value": "{{token}}",
									"type": "string"
								}
							]
						},
						"method": "POST",
						"header": [],
						"body": {
							"mode": "raw",
							"raw": "{\r\n   \"id\":1,\r\n   \"name\":\"Graduate\",\r\n   \"isactive\":\"Y\"\r\n}",
							"options": {
								"raw": {
									"language": "json"
								}
							}
						},
						"url": {
							"raw": "{{host}}/api/v1/master/save_education",
							"host": [
								"{{host}}"
							],
							"path": [
								"api",
								"v1",
								"master",
								"save_education"
							]
						}
					},
					"response": []
				},
				{
					"name": "get education",
					"request": {
						"auth": {
							"type": "bearer",
							"bearer": [
								{
									"key": "token",
									"value": "{{token}}",
									"type": "string"
								}
							]
						},
						"method": "POST",
						"header": [],
						"body": {
							"mode": "raw",
							"raw": "{\r\n  \"isactive\": \"Y\",\r\n  \"pageable\":{\r\n      \"pageno\":0,\r\n      \"pagesize\":10\r\n  }\r\n}",
							"options": {
								"raw": {
									"language": "json"
								}
							}
						},
						"url": {
							"raw": "{{host}}/api/v1/master/geteducation",
							"host": [
								"{{host}}"
							],
							"path": [
								"api",
								"v1",
								"master",
								"geteducation"
							]
						}
					},
					"response": []
				},
				{
					"name": "save_required_Experience",
					"request": {
						"auth": {
							"type": "bearer",
							"bearer": [
								{
									"key": "token",
									"value": "{{token}}",
									"type": "string"
								}
							]
						},
						"method": "POST",
						"header": [],
						"body": {
							"mode": "raw",
							"raw": "{\r\n   \"id\":1,\r\n   \"name\":\"Fresher\",\r\n   \"isactive\":\"Y\"\r\n}",
							"options": {
								"raw": {
									"language": "json"
								}
							}
						},
						"url": {
							"raw": "{{host}}/api/v1/master/save_required_Experience",
							"host": [
								"{{host}}"
							],
							"path": [
								"api",
								"v1",
								"master",
								"save_required_Experience"
							]
						}
					},
					"response": []
				},
				{
					"name": "get required Experience",
					"request": {
						"auth": {
							"type": "bearer",
							"bearer": [
								{
									"key": "token",
									"value": "{{token}}",
									"type": "string"
								}
							]
						},
						"method": "POST",
						"header": [],
						"body": {
							"mode": "raw",
							"raw": "{\r\n  \"isactive\": \"Y\",\r\n  \"pageable\":{\r\n      \"pageno\":0,\r\n      \"pagesize\":10\r\n  }\r\n}",
							"options": {
								"raw": {
									"language": "json"
								}
							}
						},
						"url": {
							"raw": "{{host}}/api/v1/master/getRequiredExperience",
							"host": [
								"{{host}}"
							],
							"path": [
								"api",
								"v1",
								"master",
								"getRequiredExperience"
							]
						}
					},
					"response": []
				},
				{
					"name": "save_functional_area",
					"request": {
						"auth": {
							"type": "bearer",
							"bearer": [
								{
									"key": "token",
									"value": "{{token}}",
									"type": "string"
								}
							]
						},
						"method": "POST",
						"header": [],
						"body": {
							"mode": "raw",
							"raw": "{\r\n   \"name\":\"New\",\r\n   \"isactive\":\"Y\",\r\n   \"expactedindustryid\": 100\r\n}",
							"options": {
								"raw": {
									"language": "json"
								}
							}
						},
						"url": {
							"raw": "{{host}}/api/v1/master/save_functional_area",
							"host": [
								"{{host}}"
							],
							"path": [
								"api",
								"v1",
								"master",
								"save_functional_area"
							]
						}
					},
					"response": []
				},
				{
					"name": "get functional_area",
					"request": {
						"auth": {
							"type": "bearer",
							"bearer": [
								{
									"key": "token",
									"value": "{{token}}",
									"type": "string"
								}
							]
						},
						"method": "POST",
						"header": [],
						"body": {
							"mode": "raw",
							"raw": "{\r\n  \"isactive\": \"Y\",\r\n  \"pageable\":{\r\n      \"pageno\":0,\r\n      \"pagesize\":10\r\n  }\r\n}",
							"options": {
								"raw": {
									"language": "json"
								}
							}
						},
						"url": {
							"raw": "{{host}}/api/v1/master/get_functional_area",
							"host": [
								"{{host}}"
							],
							"path": [
								"api",
								"v1",
								"master",
								"get_functional_area"
							]
						}
					},
					"response": []
				},
				{
					"name": "save_location",
					"request": {
						"auth": {
							"type": "bearer",
							"bearer": [
								{
									"key": "token",
									"value": "{{token}}",
									"type": "string"
								}
							]
						},
						"method": "POST",
						"header": [],
						"body": {
							"mode": "raw",
							"raw": "{\r\n   \"id\":1,\r\n   \"name\":\"Bangaluru\",\r\n   \"isactive\":\"Y\"\r\n}",
							"options": {
								"raw": {
									"language": "json"
								}
							}
						},
						"url": {
							"raw": "{{host}}/api/v1/master/save_location",
							"host": [
								"{{host}}"
							],
							"path": [
								"api",
								"v1",
								"master",
								"save_location"
							]
						}
					},
					"response": []
				},
				{
					"name": "get location",
					"request": {
						"auth": {
							"type": "bearer",
							"bearer": [
								{
									"key": "token",
									"value": "{{token}}",
									"type": "string"
								}
							]
						},
						"method": "POST",
						"header": [],
						"body": {
							"mode": "raw",
							"raw": "{\r\n  \"isactive\": \"Y\",\r\n  \"pageable\":{\r\n      \"pageno\":0,\r\n      \"pagesize\":10\r\n  }\r\n}",
							"options": {
								"raw": {
									"language": "json"
								}
							}
						},
						"url": {
							"raw": "{{host}}/api/v1/master/get_location",
							"host": [
								"{{host}}"
							],
							"path": [
								"api",
								"v1",
								"master",
								"get_location"
							]
						}
					},
					"response": []
				},
				{
					"name": "save_expacted_industry",
					"request": {
						"auth": {
							"type": "bearer",
							"bearer": [
								{
									"key": "token",
									"value": "{{token}}",
									"type": "string"
								}
							]
						},
						"method": "POST",
						"header": [],
						"body": {
							"mode": "raw",
							"raw": "{\r\n   \"id\":1,\r\n   \"name\":\"Marketing\",\r\n   \"istop\":\"Y\",\r\n   \"isactive\":\"Y\"\r\n}",
							"options": {
								"raw": {
									"language": "json"
								}
							}
						},
						"url": {
							"raw": "{{host}}/api/v1/master/save_expacted_industry",
							"host": [
								"{{host}}"
							],
							"path": [
								"api",
								"v1",
								"master",
								"save_expacted_industry"
							]
						}
					},
					"response": []
				},
				{
					"name": "get expacted_industry",
					"request": {
						"auth": {
							"type": "bearer",
							"bearer": [
								{
									"key": "token",
									"value": "{{token}}",
									"type": "string"
								}
							]
						},
						"method": "POST",
						"header": [],
						"body": {
							"mode": "raw",
							"raw": "{\r\n  \"isactive\": \"Y\",\r\n  \"istop\":\"Y\",\r\n  \"pageable\":{\r\n      \"pageno\":0,\r\n      \"pagesize\":10\r\n  }\r\n}",
							"options": {
								"raw": {
									"language": "json"
								}
							}
						},
						"url": {
							"raw": "{{host}}/api/v1/master/get_expacted_industry",
							"host": [
								"{{host}}"
							],
							"path": [
								"api",
								"v1",
								"master",
								"get_expacted_industry"
							]
						}
					},
					"response": []
				},
				{
					"name": "save_jobtype",
					"request": {
						"auth": {
							"type": "bearer",
							"bearer": [
								{
									"key": "token",
									"value": "{{token}}",
									"type": "string"
								}
							]
						},
						"method": "POST",
						"header": [],
						"body": {
							"mode": "raw",
							"raw": "{\r\n   \"id\":1,\r\n   \"name\":\"Part time\",\r\n   \"isactive\":\"Y\"\r\n}",
							"options": {
								"raw": {
									"language": "json"
								}
							}
						},
						"url": {
							"raw": "{{host}}/api/v1/master/save_jobtype",
							"host": [
								"{{host}}"
							],
							"path": [
								"api",
								"v1",
								"master",
								"save_jobtype"
							]
						}
					},
					"response": []
				},
				{
					"name": "get_jobtype",
					"request": {
						"auth": {
							"type": "bearer",
							"bearer": [
								{
									"key": "token",
									"value": "{{token}}",
									"type": "string"
								}
							]
						},
						"method": "POST",
						"header": [],
						"body": {
							"mode": "raw",
							"raw": "{\r\n  \"isactive\": \"Y\",\r\n  \"pageable\":{\r\n      \"pageno\":0,\r\n      \"pagesize\":10\r\n  }\r\n}",
							"options": {
								"raw": {
									"language": "json"
								}
							}
						},
						"url": {
							"raw": "{{host}}/api/v1/master/get_jobtype",
							"host": [
								"{{host}}"
							],
							"path": [
								"api",
								"v1",
								"master",
								"get_jobtype"
							]
						}
					},
					"response": []
				},
				{
					"name": "save_dynamicimage",
					"request": {
						"auth": {
							"type": "bearer",
							"bearer": [
								{
									"key": "token",
									"value": "{{token}}",
									"type": "string"
								}
							]
						},
						"method": "POST",
						"header": [],
						"body": {
							"mode": "raw",
							"raw": "{\r\n   \"id\":0,\r\n   \"name\":\"Image1\",\r\n   \"url\":\"image_url\",\r\n   \"isactive\":\"Y\"\r\n}",
							"options": {
								"raw": {
									"language": "json"
								}
							}
						},
						"url": {
							"raw": "{{host}}/api/v1/master/save_dynamicimage",
							"host": [
								"{{host}}"
							],
							"path": [
								"api",
								"v1",
								"master",
								"save_dynamicimage"
							]
						}
					},
					"response": []
				},
				{
					"name": "get_dynamicimage",
					"request": {
						"auth": {
							"type": "bearer",
							"bearer": [
								{
									"key": "token",
									"value": "{{token}}",
									"type": "string"
								}
							]
						},
						"method": "POST",
						"header": [],
						"body": {
							"mode": "raw",
							"raw": "{\r\n  \"isactive\": \"Y\",\r\n  \"pageable\":{\r\n      \"pageno\":0,\r\n      \"pagesize\":10\r\n  }\r\n}",
							"options": {
								"raw": {
									"language": "json"
								}
							}
						},
						"url": {
							"raw": "{{host}}/api/v1/master/get_dynamicimage",
							"host": [
								"{{host}}"
							],
							"path": [
								"api",
								"v1",
								"master",
								"get_dynamicimage"
							]
						}
					},
					"response": []
				},
				{
					"name": "save_countrymaster",
					"request": {
						"auth": {
							"type": "bearer",
							"bearer": [
								{
									"key": "token",
									"value": "{{token}}",
									"type": "string"
								}
							]
						},
						"method": "POST",
						"header": [],
						"body": {
							"mode": "raw",
							"raw": "{\r\n    \"countryid\":0,\r\n    \"country\":\"INDIA\",\r\n    \"countryCode\":\"IN\",\r\n    \"isactive\":\"Y\"\r\n}",
							"options": {
								"raw": {
									"language": "json"
								}
							}
						},
						"url": {
							"raw": "{{host}}/api/v1/master/save_countrymaster",
							"host": [
								"{{host}}"
							],
							"path": [
								"api",
								"v1",
								"master",
								"save_countrymaster"
							]
						}
					},
					"response": []
				},
				{
					"name": "get_countrymaster",
					"request": {
						"auth": {
							"type": "bearer",
							"bearer": [
								{
									"key": "token",
									"value": "{{token}}",
									"type": "string"
								}
							]
						},
						"method": "POST",
						"header": [],
						"body": {
							"mode": "raw",
							"raw": "{\r\n  \"isactive\": \"Y\",\r\n  \"pageable\":{\r\n      \"pageno\":0,\r\n      \"pagesize\":10\r\n  }\r\n}",
							"options": {
								"raw": {
									"language": "json"
								}
							}
						},
						"url": {
							"raw": "{{host}}/api/v1/master/get_countrymaster",
							"host": [
								"{{host}}"
							],
							"path": [
								"api",
								"v1",
								"master",
								"get_countrymaster"
							]
						}
					},
					"response": []
				},
				{
					"name": "save_statemaster",
					"request": {
						"auth": {
							"type": "bearer",
							"bearer": [
								{
									"key": "token",
									"value": "{{token}}",
									"type": "string"
								}
							]
						},
						"method": "POST",
						"header": [],
						"body": {
							"mode": "raw",
							"raw": "{\r\n    \"countryid\":1,\r\n    \"state\":\"GUJARAT\",\r\n    \"isactive\":\"Y\"\r\n}",
							"options": {
								"raw": {
									"language": "json"
								}
							}
						},
						"url": {
							"raw": "{{host}}/api/v1/master/save_statemaster",
							"host": [
								"{{host}}"
							],
							"path": [
								"api",
								"v1",
								"master",
								"save_statemaster"
							]
						}
					},
					"response": []
				},
				{
					"name": "get_statemaster",
					"request": {
						"auth": {
							"type": "bearer",
							"bearer": [
								{
									"key": "token",
									"value": "{{token}}",
									"type": "string"
								}
							]
						},
						"method": "POST",
						"header": [],
						"body": {
							"mode": "raw",
							"raw": "{\r\n  \"isactive\": \"Y\",\r\n  \"pageable\":{\r\n      \"pageno\":0,\r\n      \"pagesize\":10\r\n  }\r\n}",
							"options": {
								"raw": {
									"language": "json"
								}
							}
						},
						"url": {
							"raw": "{{host}}/api/v1/master/get_statemaster",
							"host": [
								"{{host}}"
							],
							"path": [
								"api",
								"v1",
								"master",
								"get_statemaster"
							]
						}
					},
					"response": []
				},
				{
					"name": "save_citymaster",
					"request": {
						"auth": {
							"type": "bearer",
							"bearer": [
								{
									"key": "token",
									"value": "{{token}}",
									"type": "string"
								}
							]
						},
						"method": "POST",
						"header": [],
						"body": {
							"mode": "raw",
							"raw": "{\r\n    \"stateid\":2,\r\n\"cityid\":1,\r\n    \"city\":\"PUNE\",\r\n    \"isactive\":\"Y\",\r\n    \"istop\":\"Y\"\r\n}",
							"options": {
								"raw": {
									"language": "json"
								}
							}
						},
						"url": {
							"raw": "{{host}}/api/v1/master/save_citymaster",
							"host": [
								"{{host}}"
							],
							"path": [
								"api",
								"v1",
								"master",
								"save_citymaster"
							]
						}
					},
					"response": []
				},
				{
					"name": "get_citymaster",
					"request": {
						"auth": {
							"type": "bearer",
							"bearer": [
								{
									"key": "token",
									"value": "{{token}}",
									"type": "string"
								}
							]
						},
						"method": "POST",
						"header": [],
						"body": {
							"mode": "raw",
							"raw": "{\r\n  \"isactive\": \"Y\",\r\n  \"pageable\":{\r\n      \"pageno\":0,\r\n      \"pagesize\":10\r\n  }\r\n}",
							"options": {
								"raw": {
									"language": "json"
								}
							}
						},
						"url": {
							"raw": "{{host}}/api/v1/master/get_citymaster",
							"host": [
								"{{host}}"
							],
							"path": [
								"api",
								"v1",
								"master",
								"get_citymaster"
							]
						}
					},
					"response": []
				},
				{
					"name": "save_expacted_salary",
					"request": {
						"auth": {
							"type": "bearer",
							"bearer": [
								{
									"key": "token",
									"value": "{{token}}",
									"type": "string"
								}
							]
						},
						"method": "POST",
						"header": [],
						"body": {
							"mode": "raw",
							"raw": "{\r\n   \"id\":1,\r\n   \"name\":\"Part time\",\r\n   \"isactive\":\"Y\"\r\n}",
							"options": {
								"raw": {
									"language": "json"
								}
							}
						},
						"url": {
							"raw": "{{host}}/api/v1/master/save_expacted_salary",
							"host": [
								"{{host}}"
							],
							"path": [
								"api",
								"v1",
								"master",
								"save_expacted_salary"
							]
						}
					},
					"response": []
				},
				{
					"name": "get_expacted_salary",
					"request": {
						"auth": {
							"type": "bearer",
							"bearer": [
								{
									"key": "token",
									"value": "{{token}}",
									"type": "string"
								}
							]
						},
						"method": "POST",
						"header": [],
						"body": {
							"mode": "raw",
							"raw": "{\r\n  \"isactive\": \"Y\",\r\n  \"pageable\":{\r\n      \"pageno\":0,\r\n      \"pagesize\":10\r\n  }\r\n}",
							"options": {
								"raw": {
									"language": "json"
								}
							}
						},
						"url": {
							"raw": "{{host}}/api/v1/master/get_expacted_salary",
							"host": [
								"{{host}}"
							],
							"path": [
								"api",
								"v1",
								"master",
								"get_expacted_salary"
							]
						}
					},
					"response": []
				}
			]
		},
		{
			"name": "website admin",
			"item": [
				{
					"name": "save_website_homepageheader",
					"request": {
						"auth": {
							"type": "bearer",
							"bearer": [
								{
									"key": "token",
									"value": "{{token}}",
									"type": "string"
								}
							]
						},
						"method": "POST",
						"header": [],
						"body": {
							"mode": "raw",
							"raw": "{\r\n   \"id\":1,\r\n   \"header\":\"<DIV>CITY JOB WEL COME</DIV>\",\r\n   \"description\":\"<DIV>find job any where jusr login and get job</DIV>\",\r\n   \"isactive\":\"Y\"\r\n}",
							"options": {
								"raw": {
									"language": "json"
								}
							}
						},
						"url": {
							"raw": "{{host}}/api/v1/website/save_website_homepageheader",
							"host": [
								"{{host}}"
							],
							"path": [
								"api",
								"v1",
								"website",
								"save_website_homepageheader"
							]
						}
					},
					"response": []
				},
				{
					"name": "get_website_homepageheader",
					"request": {
						"auth": {
							"type": "bearer",
							"bearer": [
								{
									"key": "token",
									"value": "{{token}}",
									"type": "string"
								}
							]
						},
						"method": "POST",
						"header": [],
						"body": {
							"mode": "raw",
							"raw": "{\r\n  \"isactive\": \"Y\",\r\n  \"pageable\":{\r\n      \"pageno\":0,\r\n      \"pagesize\":10\r\n  }\r\n}",
							"options": {
								"raw": {
									"language": "json"
								}
							}
						},
						"url": {
							"raw": "{{host}}/api/v1/website/get_website_homepageheader",
							"host": [
								"{{host}}"
							],
							"path": [
								"api",
								"v1",
								"website",
								"get_website_homepageheader"
							]
						}
					},
					"response": []
				},
				{
					"name": "save_website_homepageinfo",
					"request": {
						"auth": {
							"type": "bearer",
							"bearer": [
								{
									"key": "token",
									"value": "{{token}}",
									"type": "string"
								}
							]
						},
						"method": "POST",
						"header": [],
						"body": {
							"mode": "raw",
							"raw": "{\r\n    \"id\":1,\r\n    \"iconImage\":\"\",\r\n    \"count\":\"180K +\",\r\n    \"description\":\"<DIV>Job Posted</DIV>\",\r\n    \"isactive\":\"Y\"\r\n}",
							"options": {
								"raw": {
									"language": "json"
								}
							}
						},
						"url": {
							"raw": "{{host}}/api/v1/website/save_website_homepageinfo",
							"host": [
								"{{host}}"
							],
							"path": [
								"api",
								"v1",
								"website",
								"save_website_homepageinfo"
							]
						}
					},
					"response": []
				},
				{
					"name": "get_website_homepageinfo",
					"request": {
						"auth": {
							"type": "bearer",
							"bearer": [
								{
									"key": "token",
									"value": "{{token}}",
									"type": "string"
								}
							]
						},
						"method": "POST",
						"header": [],
						"body": {
							"mode": "raw",
							"raw": "{\r\n  \"isactive\": \"Y\",\r\n  \"pageable\":{\r\n      \"pageno\":0,\r\n      \"pagesize\":10\r\n  }\r\n}",
							"options": {
								"raw": {
									"language": "json"
								}
							}
						},
						"url": {
							"raw": "{{host}}/api/v1/website/get_website_homepageinfo",
							"host": [
								"{{host}}"
							],
							"path": [
								"api",
								"v1",
								"website",
								"get_website_homepageinfo"
							]
						}
					},
					"response": []
				},
				{
					"name": "save_website_mediacoverage",
					"request": {
						"auth": {
							"type": "bearer",
							"bearer": [
								{
									"key": "token",
									"value": "{{token}}",
									"type": "string"
								}
							]
						},
						"method": "POST",
						"header": [],
						"body": {
							"mode": "raw",
							"raw": "{\r\n    \"id\":1,\r\n    \"name\":\"Yahoo\",\r\n    \"imageurl\":\"image url\",\r\n    \"description\":\"<DIV>Job Find in Good Location</DIV>\",\r\n    \"isactive\":\"Y\"\r\n}",
							"options": {
								"raw": {
									"language": "json"
								}
							}
						},
						"url": {
							"raw": "{{host}}/api/v1/website/save_website_mediacoverage",
							"host": [
								"{{host}}"
							],
							"path": [
								"api",
								"v1",
								"website",
								"save_website_mediacoverage"
							]
						}
					},
					"response": []
				},
				{
					"name": "get_website_mediacoverage",
					"request": {
						"auth": {
							"type": "bearer",
							"bearer": [
								{
									"key": "token",
									"value": "{{token}}",
									"type": "string"
								}
							]
						},
						"method": "POST",
						"header": [],
						"body": {
							"mode": "raw",
							"raw": "{\r\n  \"isactive\": \"Y\",\r\n  \"pageable\":{\r\n      \"pageno\":0,\r\n      \"pagesize\":10\r\n  }\r\n}",
							"options": {
								"raw": {
									"language": "json"
								}
							}
						},
						"url": {
							"raw": "{{host}}/api/v1/website/get_website_mediacoverage",
							"host": [
								"{{host}}"
							],
							"path": [
								"api",
								"v1",
								"website",
								"get_website_mediacoverage"
							]
						}
					},
					"response": []
				},
				{
					"name": "save_website_recruitmentpartners",
					"request": {
						"auth": {
							"type": "bearer",
							"bearer": [
								{
									"key": "token",
									"value": "{{token}}",
									"type": "string"
								}
							]
						},
						"method": "POST",
						"header": [],
						"body": {
							"mode": "raw",
							"raw": "{\r\n    \"id\":1,\r\n    \"name\":\"Hoch Info\",\r\n    \"imageurl\":\"image url\",\r\n    \"description\":\"<DIV>Hoch is recruitment partners</DIV>\",\r\n    \"isactive\":\"Y\"\r\n}",
							"options": {
								"raw": {
									"language": "json"
								}
							}
						},
						"url": {
							"raw": "{{host}}/api/v1/website/save_website_recruitmentpartners",
							"host": [
								"{{host}}"
							],
							"path": [
								"api",
								"v1",
								"website",
								"save_website_recruitmentpartners"
							]
						}
					},
					"response": []
				},
				{
					"name": "get_website_recruitmentpartners",
					"request": {
						"auth": {
							"type": "bearer",
							"bearer": [
								{
									"key": "token",
									"value": "{{token}}",
									"type": "string"
								}
							]
						},
						"method": "POST",
						"header": [],
						"body": {
							"mode": "raw",
							"raw": "{\r\n  \"isactive\": \"Y\",\r\n  \"pageable\":{\r\n      \"pageno\":0,\r\n      \"pagesize\":10\r\n  }\r\n}",
							"options": {
								"raw": {
									"language": "json"
								}
							}
						},
						"url": {
							"raw": "{{host}}/api/v1/website/get_website_recruitmentpartners",
							"host": [
								"{{host}}"
							],
							"path": [
								"api",
								"v1",
								"website",
								"get_website_recruitmentpartners"
							]
						}
					},
					"response": []
				},
				{
					"name": "save_website_socialicon",
					"request": {
						"auth": {
							"type": "bearer",
							"bearer": [
								{
									"key": "token",
									"value": "{{token}}",
									"type": "string"
								}
							]
						},
						"method": "POST",
						"header": [],
						"body": {
							"mode": "raw",
							"raw": "{\r\n    \"id\":1,\r\n    \"name\":\"facebook\",\r\n    \"imageurl\":\"facebook icon url\",\r\n    \"linkurl\":\"open like on icon click\",\r\n    \"description\":\"<DIV>Hoch is recruitment partners</DIV>\",\r\n    \"isactive\":\"Y\"\r\n}",
							"options": {
								"raw": {
									"language": "json"
								}
							}
						},
						"url": {
							"raw": "{{host}}/api/v1/website/save_website_socialicon",
							"host": [
								"{{host}}"
							],
							"path": [
								"api",
								"v1",
								"website",
								"save_website_socialicon"
							]
						}
					},
					"response": []
				},
				{
					"name": "get_website_socialicon",
					"request": {
						"auth": {
							"type": "bearer",
							"bearer": [
								{
									"key": "token",
									"value": "{{token}}",
									"type": "string"
								}
							]
						},
						"method": "POST",
						"header": [],
						"body": {
							"mode": "raw",
							"raw": "{\r\n  \"isactive\": \"Y\",\r\n  \"pageable\":{\r\n      \"pageno\":0,\r\n      \"pagesize\":10\r\n  }\r\n}",
							"options": {
								"raw": {
									"language": "json"
								}
							}
						},
						"url": {
							"raw": "{{host}}/api/v1/website/get_website_socialicon",
							"host": [
								"{{host}}"
							],
							"path": [
								"api",
								"v1",
								"website",
								"get_website_socialicon"
							]
						}
					},
					"response": []
				},
				{
					"name": "save_website_videodetail",
					"request": {
						"auth": {
							"type": "bearer",
							"bearer": [
								{
									"key": "token",
									"value": "{{token}}",
									"type": "string"
								}
							]
						},
						"method": "POST",
						"header": [],
						"body": {
							"mode": "raw",
							"raw": "{\r\n    \"pagecode\":\"HOME_PAGE\",\r\n    \"videourl\":\"video url\",\r\n    \"header\":\"JOB\",\r\n    \"description\":\"<DIV>Video for Intrview</DIV>\",\r\n    \"isactive\":\"Y\"\r\n}",
							"options": {
								"raw": {
									"language": "json"
								}
							}
						},
						"url": {
							"raw": "{{host}}/api/v1/website/save_website_videodetail",
							"host": [
								"{{host}}"
							],
							"path": [
								"api",
								"v1",
								"website",
								"save_website_videodetail"
							]
						}
					},
					"response": []
				},
				{
					"name": "get_website_videodetail",
					"request": {
						"auth": {
							"type": "bearer",
							"bearer": [
								{
									"key": "token",
									"value": "{{token}}",
									"type": "string"
								}
							]
						},
						"method": "POST",
						"header": [],
						"body": {
							"mode": "raw",
							"raw": "{\r\n  \"isactive\": \"Y\",\r\n  \"pageable\":{\r\n      \"pageno\":0,\r\n      \"pagesize\":10\r\n  }\r\n}",
							"options": {
								"raw": {
									"language": "json"
								}
							}
						},
						"url": {
							"raw": "{{host}}/api/v1/website/get_website_videodetail",
							"host": [
								"{{host}}"
							],
							"path": [
								"api",
								"v1",
								"website",
								"get_website_videodetail"
							]
						}
					},
					"response": []
				}
			]
		},
		{
			"name": "user",
			"item": [
				{
					"name": "Sign In",
					"request": {
						"method": "POST",
						"header": [],
						"body": {
							"mode": "raw",
							"raw": "{\r\n\r\n    \"emailid\":\"job@admin.com\",\r\n    \"password\":\"Test@1234\"\r\n    \r\n}",
							"options": {
								"raw": {
									"language": "json"
								}
							}
						},
						"url": {
							"raw": "{{host}}/api/v1/user/signin",
							"host": [
								"{{host}}"
							],
							"path": [
								"api",
								"v1",
								"user",
								"signin"
							]
						}
					},
					"response": []
				},
				{
					"name": "Registart admin",
					"request": {
						"auth": {
							"type": "bearer",
							"bearer": [
								{
									"key": "token",
									"value": "{{token}}",
									"type": "string"
								}
							]
						},
						"method": "POST",
						"header": [],
						"body": {
							"mode": "raw",
							"raw": "{\r\n\r\n    \"emailid\":\"test@test.com\",\r\n    \"password\":\"test@123\",\r\n    \"firstname\": \"first name\",\r\n    \"lastname\": \"last name\",\r\n    \"mobileno\": \"9999888812\",\r\n    \"profileImage\":\"image url\",\r\n    \"roleid\":1,\r\n    \"usertype\":\"ADMIN\"\r\n}",
							"options": {
								"raw": {
									"language": "json"
								}
							}
						},
						"url": {
							"raw": "{{host}}/api/v1/user/signup",
							"host": [
								"{{host}}"
							],
							"path": [
								"api",
								"v1",
								"user",
								"signup"
							]
						}
					},
					"response": []
				},
				{
					"name": "Reset Password",
					"request": {
						"auth": {
							"type": "bearer",
							"bearer": [
								{
									"key": "token",
									"value": "{{token}}",
									"type": "string"
								}
							]
						},
						"method": "POST",
						"header": [
							{
								"key": "Authorization",
								"value": "Bearer eyJhbGciOiJIUzUxMiJ9.eyJzdWIiOiJqb2huMTIzQGdtYWlsLmNvbSIsImV4cCI6MTY2Mzg0NDY2MSwiaWF0IjoxNjYzODI2NjYxfQ.eZL9rzts_HLufBG07hBj_oYoDZQ_FwkAu9uM7cjtrNTLh76L4zYjoFjhByK4Fk8TaFR27xmkfXILDICdh0kFqA",
								"type": "default"
							}
						],
						"body": {
							"mode": "raw",
							"raw": "{\r\n\r\n    \"emailid\":\"john1234@gmail.com\"\r\n    \r\n}",
							"options": {
								"raw": {
									"language": "json"
								}
							}
						},
						"url": {
							"raw": "{{host}}/api/v1/user/resetpassword",
							"host": [
								"{{host}}"
							],
							"path": [
								"api",
								"v1",
								"user",
								"resetpassword"
							]
						}
					},
					"response": []
				},
				{
					"name": "update_password",
					"request": {
						"auth": {
							"type": "bearer",
							"bearer": [
								{
									"key": "token",
									"value": "{{token}}",
									"type": "string"
								}
							]
						},
						"method": "POST",
						"header": [
							{
								"key": "Authorization",
								"value": "Bearer eyJhbGciOiJIUzUxMiJ9.eyJzdWIiOiJqb2huMTIzQGdtYWlsLmNvbSIsImV4cCI6MTY2Mzg0NDY2MSwiaWF0IjoxNjYzODI2NjYxfQ.eZL9rzts_HLufBG07hBj_oYoDZQ_FwkAu9uM7cjtrNTLh76L4zYjoFjhByK4Fk8TaFR27xmkfXILDICdh0kFqA",
								"type": "default"
							}
						],
						"body": {
							"mode": "raw",
							"raw": "{\r\n    \"userid\": 22110700355463,\r\n    \"emailid\":\"job@gmail.com\",\r\n    \"password\":\"test@123\"\r\n    \r\n}",
							"options": {
								"raw": {
									"language": "json"
								}
							}
						},
						"url": {
							"raw": "{{host}}/api/v1/user/update_password",
							"host": [
								"{{host}}"
							],
							"path": [
								"api",
								"v1",
								"user",
								"update_password"
							]
						}
					},
					"response": []
				},
				{
					"name": "Profile Update",
					"request": {
						"auth": {
							"type": "bearer",
							"bearer": [
								{
									"key": "token",
									"value": "{{token}}",
									"type": "string"
								}
							]
						},
						"method": "POST",
						"header": [],
						"body": {
							"mode": "raw",
							"raw": "{\r\n\r\n    \"emailid\":\"john1234@gmail.com\",\r\n    \"firstname\":\"Test\",\r\n    \"lastname\":\"check\",\r\n    \"mode\":\"update\"\r\n    \r\n}",
							"options": {
								"raw": {
									"language": "json"
								}
							}
						},
						"url": {
							"raw": "{{host}}/api/v1/user/signup",
							"host": [
								"{{host}}"
							],
							"path": [
								"api",
								"v1",
								"user",
								"signup"
							]
						}
					},
					"response": []
				},
				{
					"name": "Generete Menu",
					"request": {
						"auth": {
							"type": "bearer",
							"bearer": [
								{
									"key": "token",
									"value": "{{token}}",
									"type": "string"
								}
							]
						},
						"method": "POST",
						"header": [
							{
								"key": "Authorization",
								"value": "Bearer eyJhbGciOiJIUzUxMiJ9.eyJzdWIiOiJqb2huMTIzQGdtYWlsLmNvbSIsImV4cCI6MTY2Mzg0NDY2MSwiaWF0IjoxNjYzODI2NjYxfQ.eZL9rzts_HLufBG07hBj_oYoDZQ_FwkAu9uM7cjtrNTLh76L4zYjoFjhByK4Fk8TaFR27xmkfXILDICdh0kFqA",
								"type": "default"
							}
						],
						"body": {
							"mode": "raw",
							"raw": "{\r\n\r\n    \"emailid\":\"john1234@gmail.com\",\r\n    \"password\":\"4i59457L\",\r\n    \"usertype\":\"ADMIN\"\r\n    \r\n}",
							"options": {
								"raw": {
									"language": "json"
								}
							}
						},
						"url": {
							"raw": "{{host}}/api/v1/user/generatemenu",
							"host": [
								"{{host}}"
							],
							"path": [
								"api",
								"v1",
								"user",
								"generatemenu"
							]
						}
					},
					"response": []
				}
			]
		},
		{
			"name": "Configurations",
			"item": [
				{
					"name": "save_emailtemplete",
					"request": {
						"auth": {
							"type": "bearer",
							"bearer": [
								{
									"key": "token",
									"value": "{{token}}",
									"type": "string"
								}
							]
						},
						"method": "POST",
						"header": [],
						"body": {
							"mode": "raw",
							"raw": "{\r\n    \"emailtempleteid\":\"rent_verify_user\",\r\n    \"title\":\"User verify\",\r\n     \"subject\":\"Rent verify Email\",\r\n    \"from_name\":\"Rent\",\r\n    \"from_email\":\"rent@test.com\",\r\n    \"cc\":\"\",\r\n    \"bcc\":\"\",\r\n    \"description\":\"User verify Link Click : #link_url#\"\r\n}",
							"options": {
								"raw": {
									"language": "json"
								}
							}
						},
						"url": {
							"raw": "{{host}}/api/v1/common/email/save_emailtemplete",
							"host": [
								"{{host}}"
							],
							"path": [
								"api",
								"v1",
								"common",
								"email",
								"save_emailtemplete"
							]
						}
					},
					"response": []
				},
				{
					"name": "getemailtemplete",
					"request": {
						"auth": {
							"type": "bearer",
							"bearer": [
								{
									"key": "token",
									"value": "eyJhbGciOiJIUzUxMiJ9.eyJzdWIiOiJqb2huMTIzNEBnbWFpbC5jb20iLCJpYXQiOjE2Njc3MDk0OTAsImV4cCI6MTY2NzczODI5MH0.O1OQ-NY0hCQ2hzNYeg6j2mPXRI44h4hwSIK4WWYt7JHtwHa7X7l-Fr1dvwTrRVkJXALQUHVMpJJ6x3q0u1Khxg",
									"type": "string"
								}
							]
						},
						"method": "POST",
						"header": [],
						"body": {
							"mode": "raw",
							"raw": "{\r\n    \"bathrooms_id\":\"1\",\r\n    \"bathrooms_range\":3\r\n}",
							"options": {
								"raw": {
									"language": "json"
								}
							}
						},
						"url": {
							"raw": "{{host}}/api/v1/common/email/getemailtemplete",
							"host": [
								"{{host}}"
							],
							"path": [
								"api",
								"v1",
								"common",
								"email",
								"getemailtemplete"
							]
						}
					},
					"response": []
				},
				{
					"name": "save_staticpages",
					"request": {
						"auth": {
							"type": "bearer",
							"bearer": [
								{
									"key": "token",
									"value": "{{token}}",
									"type": "string"
								}
							]
						},
						"method": "POST",
						"header": [],
						"body": {
							"mode": "raw",
							"raw": "{\r\n     \"pagecode\":\"about_us\",\r\n    \"pagetitle\":\"About Us\",\r\n    \"content\":\"<DIV>html data for about-us</DIV>\"\r\n}",
							"options": {
								"raw": {
									"language": "json"
								}
							}
						},
						"url": {
							"raw": "{{host}}/api/v1/master/save_staticpages",
							"host": [
								"{{host}}"
							],
							"path": [
								"api",
								"v1",
								"master",
								"save_staticpages"
							]
						}
					},
					"response": []
				},
				{
					"name": "get_staticpages",
					"request": {
						"auth": {
							"type": "bearer",
							"bearer": [
								{
									"key": "token",
									"value": "{{token}}",
									"type": "string"
								}
							]
						},
						"method": "POST",
						"header": [],
						"body": {
							"mode": "raw",
							"raw": "{\r\n     \"pagecode\":\"about_us\",\r\n     \"isactive\":\"Y\"\r\n}",
							"options": {
								"raw": {
									"language": "json"
								}
							}
						},
						"url": {
							"raw": "{{host}}/api/v1/master/getstaticpages",
							"host": [
								"{{host}}"
							],
							"path": [
								"api",
								"v1",
								"master",
								"getstaticpages"
							]
						}
					},
					"response": []
				},
				{
					"name": "save FAQ",
					"request": {
						"auth": {
							"type": "bearer",
							"bearer": [
								{
									"key": "token",
									"value": "{{token}}",
									"type": "string"
								}
							]
						},
						"method": "POST",
						"header": [],
						"body": {
							"mode": "raw",
							"raw": "{\r\n   \"faqid\":1,\r\n   \"applicableto\":\"Job Seeker\",\r\n    \"category\":\"ALL\",\r\n    \"question\":\"How to find job ?\",\r\n    \"sequence_number\":1,\r\n    \"answer\":\"Registart and get job fast\"\r\n}",
							"options": {
								"raw": {
									"language": "json"
								}
							}
						},
						"url": {
							"raw": "{{host}}/api/v1/master/save_faq",
							"host": [
								"{{host}}"
							],
							"path": [
								"api",
								"v1",
								"master",
								"save_faq"
							]
						}
					},
					"response": []
				},
				{
					"name": "get FAQ",
					"request": {
						"auth": {
							"type": "bearer",
							"bearer": [
								{
									"key": "token",
									"value": "{{token}}",
									"type": "string"
								}
							]
						},
						"method": "POST",
						"header": [],
						"body": {
							"mode": "raw",
							"raw": "{\r\n  \"applicableto\": \"Recruiter\"\r\n}",
							"options": {
								"raw": {
									"language": "json"
								}
							}
						},
						"url": {
							"raw": "{{host}}/api/v1/master/getfaq",
							"host": [
								"{{host}}"
							],
							"path": [
								"api",
								"v1",
								"master",
								"getfaq"
							]
						}
					},
					"response": []
				},
				{
					"name": "save_company_general_detail",
					"request": {
						"auth": {
							"type": "bearer",
							"bearer": [
								{
									"key": "token",
									"value": "{{token}}",
									"type": "string"
								}
							]
						},
						"method": "POST",
						"header": [],
						"body": {
							"mode": "raw",
							"raw": "{\r\n   \"companyid\":1,\r\n    \"name\":\"city job\",\r\n    \"description\":\"city job\",\r\n    \"address\":\"Rajkot\",\r\n    \"emailid\":\"admin@cityjob.com\",\r\n    \"contactno\":9090909090,\r\n    \"copyright\":\"copy right 2023 for city job\",\r\n    \"company_website\":\"cityjob.com\",\r\n    \"logo_image\":\"url\",\r\n    \"favicon_image\":\"url\"\r\n\r\n}",
							"options": {
								"raw": {
									"language": "json"
								}
							}
						},
						"url": {
							"raw": "{{host}}/api/v1/master/save_company_general_detail",
							"host": [
								"{{host}}"
							],
							"path": [
								"api",
								"v1",
								"master",
								"save_company_general_detail"
							]
						}
					},
					"response": []
				},
				{
					"name": "get_company_general_detail",
					"request": {
						"auth": {
							"type": "bearer",
							"bearer": [
								{
									"key": "token",
									"value": "{{token}}",
									"type": "string"
								}
							]
						},
						"method": "POST",
						"header": [],
						"body": {
							"mode": "raw",
							"raw": "{\r\n  \"isactive\": \"Y\"\r\n}",
							"options": {
								"raw": {
									"language": "json"
								}
							}
						},
						"url": {
							"raw": "{{host}}/api/v1/master/get_company_general_detail",
							"host": [
								"{{host}}"
							],
							"path": [
								"api",
								"v1",
								"master",
								"get_company_general_detail"
							]
						}
					},
					"response": []
				}
			]
		},
		{
			"name": "jobseeker",
			"item": [
				{
					"name": "save_quiz",
					"request": {
						"auth": {
							"type": "bearer",
							"bearer": [
								{
									"key": "token",
									"value": "{{token}}",
									"type": "string"
								}
							]
						},
						"method": "POST",
						"header": [],
						"body": {
							"mode": "raw",
							"raw": "{\r\n    \"quizid\":0,\r\n   \"name\":\"quiz for cv\",\r\n   \"isactive\":\"Y\"\r\n}",
							"options": {
								"raw": {
									"language": "json"
								}
							}
						},
						"url": {
							"raw": "{{host}}//api/v1/jobseeker/save_quiz",
							"host": [
								"{{host}}"
							],
							"path": [
								"",
								"api",
								"v1",
								"jobseeker",
								"save_quiz"
							]
						}
					},
					"response": []
				},
				{
					"name": "save_quiz header detail",
					"request": {
						"auth": {
							"type": "bearer",
							"bearer": [
								{
									"key": "token",
									"value": "{{token}}",
									"type": "string"
								}
							]
						},
						"method": "POST",
						"header": [],
						"body": {
							"mode": "raw",
							"raw": "{\r\n    \"quizid\":0,\r\n   \"name\":\"quiz for cv\",\r\n   \"isactive\":\"Y\",\r\n   \"quizDetailList\":\r\n   [{\r\n      \"detailid\":0,\r\n    \"questions\":\"How to start rigth ?\",\r\n    \"option1\":\"name\",\r\n    \"option2\":\"lastname\",\r\n    \"option3\":\"email\",\r\n    \"option4\":\"post\",\r\n    \"correctoption\":\"name\"\r\n   },\r\n   {\r\n      \"detailid\":0,\r\n    \"questions\":\"questions2 ?\",\r\n    \"option1\":\"option1\",\r\n    \"option2\":\"option2\",\r\n    \"option3\":\"option3\",\r\n    \"option4\":\"option4\",\r\n    \"correctoption\":\"option2\"\r\n\r\n   }\r\n   ]\r\n}",
							"options": {
								"raw": {
									"language": "json"
								}
							}
						},
						"url": {
							"raw": "{{host}}/api/v1/jobseeker/save_quiz",
							"host": [
								"{{host}}"
							],
							"path": [
								"api",
								"v1",
								"jobseeker",
								"save_quiz"
							]
						}
					},
					"response": []
				},
				{
					"name": "save_quizdetail",
					"request": {
						"auth": {
							"type": "bearer",
							"bearer": [
								{
									"key": "token",
									"value": "{{token}}",
									"type": "string"
								}
							]
						},
						"method": "POST",
						"header": [],
						"body": {
							"mode": "raw",
							"raw": "{\r\n    \"quizid\":1,\r\n    \"detailid\":0,\r\n    \"questions\":\"How check ?\",\r\n    \"option1\":\"1\",\r\n    \"option2\":\"2\",\r\n    \"option3\":\"3\",\r\n    \"option4\":\"4\",\r\n    \"correctoption\":\"3\"\r\n}",
							"options": {
								"raw": {
									"language": "json"
								}
							}
						},
						"url": {
							"raw": "{{host}}/api/v1/jobseeker/save_quizdetail",
							"host": [
								"{{host}}"
							],
							"path": [
								"api",
								"v1",
								"jobseeker",
								"save_quizdetail"
							]
						}
					},
					"response": []
				},
				{
					"name": "get_quiz header",
					"request": {
						"auth": {
							"type": "bearer",
							"bearer": [
								{
									"key": "token",
									"value": "{{token}}",
									"type": "string"
								}
							]
						},
						"method": "POST",
						"header": [],
						"body": {
							"mode": "raw",
							"raw": "{\r\n  \"isactive\": \"Y\",\r\n  \"pageable\":{\r\n      \"pageno\":0,\r\n      \"pagesize\":10\r\n  }\r\n}",
							"options": {
								"raw": {
									"language": "json"
								}
							}
						},
						"url": {
							"raw": "{{host}}/api/v1/jobseeker/get_quizheader",
							"host": [
								"{{host}}"
							],
							"path": [
								"api",
								"v1",
								"jobseeker",
								"get_quizheader"
							]
						}
					},
					"response": []
				},
				{
					"name": "get_quiz detail",
					"request": {
						"auth": {
							"type": "bearer",
							"bearer": [
								{
									"key": "token",
									"value": "{{token}}",
									"type": "string"
								}
							]
						},
						"method": "POST",
						"header": [],
						"body": {
							"mode": "raw",
							"raw": "{\r\n  \"isactive\": \"Y\",\r\n  \"pageable\":{\r\n      \"pageno\":0,\r\n      \"pagesize\":10\r\n  }\r\n}",
							"options": {
								"raw": {
									"language": "json"
								}
							}
						},
						"url": {
							"raw": "{{host}}/api/v1/jobseeker/get_quizdetail",
							"host": [
								"{{host}}"
							],
							"path": [
								"api",
								"v1",
								"jobseeker",
								"get_quizdetail"
							]
						}
					},
					"response": []
				},
				{
					"name": "save_jobseekerplan",
					"request": {
						"auth": {
							"type": "bearer",
							"bearer": [
								{
									"key": "token",
									"value": "{{token}}",
									"type": "string"
								}
							]
						},
						"method": "POST",
						"header": [],
						"body": {
							"mode": "raw",
							"raw": "{\r\n    \"planid\":0,\r\n    \"planname\":\"Basic\",\r\n    \"maxapplay\":2,\r\n    \"day\":15,\r\n    \"price\":20.50\r\n}",
							"options": {
								"raw": {
									"language": "json"
								}
							}
						},
						"url": {
							"raw": "{{host}}/api/v1/jobseeker/save_jobseekerplan",
							"host": [
								"{{host}}"
							],
							"path": [
								"api",
								"v1",
								"jobseeker",
								"save_jobseekerplan"
							]
						}
					},
					"response": []
				},
				{
					"name": "get_jobseekerplan",
					"request": {
						"auth": {
							"type": "bearer",
							"bearer": [
								{
									"key": "token",
									"value": "{{token}}",
									"type": "string"
								}
							]
						},
						"method": "POST",
						"header": [],
						"body": {
							"mode": "raw",
							"raw": "{\r\n  \"isactive\": \"Y\",\r\n  \"pageable\":{\r\n      \"pageno\":0,\r\n      \"pagesize\":10\r\n  }\r\n}",
							"options": {
								"raw": {
									"language": "json"
								}
							}
						},
						"url": {
							"raw": "{{host}}/api/v1/jobseeker/get_jobseekerplan",
							"host": [
								"{{host}}"
							],
							"path": [
								"api",
								"v1",
								"jobseeker",
								"get_jobseekerplan"
							]
						}
					},
					"response": []
				},
				{
					"name": "save_rewardpointmaster",
					"request": {
						"auth": {
							"type": "bearer",
							"bearer": [
								{
									"key": "token",
									"value": "{{token}}",
									"type": "string"
								}
							]
						},
						"method": "POST",
						"header": [],
						"body": {
							"mode": "raw",
							"raw": "{\r\n    \"id\":0,\r\n    \"name\":\"Face Bock Fllow\",\r\n    \"imageicon\":\"URL for ICON\",\r\n    \"urlopen\":\"https://www.facebock.com\",\r\n    \"point\":\"200\",\r\n    \"maxlimit\":1\r\n}",
							"options": {
								"raw": {
									"language": "json"
								}
							}
						},
						"url": {
							"raw": "{{host}}/api/v1/jobseeker/save_rewardpointmaster",
							"host": [
								"{{host}}"
							],
							"path": [
								"api",
								"v1",
								"jobseeker",
								"save_rewardpointmaster"
							]
						}
					},
					"response": []
				},
				{
					"name": "get_rewardpointmaster",
					"request": {
						"auth": {
							"type": "bearer",
							"bearer": [
								{
									"key": "token",
									"value": "{{token}}",
									"type": "string"
								}
							]
						},
						"method": "POST",
						"header": [],
						"body": {
							"mode": "raw",
							"raw": "{\r\n  \"isactive\": \"Y\",\r\n  \"pageable\":{\r\n      \"pageno\":0,\r\n      \"pagesize\":10\r\n  }\r\n}",
							"options": {
								"raw": {
									"language": "json"
								}
							}
						},
						"url": {
							"raw": "{{host}}/api/v1/jobseeker/get_rewardpointmaster",
							"host": [
								"{{host}}"
							],
							"path": [
								"api",
								"v1",
								"jobseeker",
								"get_rewardpointmaster"
							]
						}
					},
					"response": []
				}
			]
		},
		{
			"name": "recruitment",
			"item": [
				{
					"name": "save_recruitmentplan",
					"request": {
						"auth": {
							"type": "bearer",
							"bearer": [
								{
									"key": "token",
									"value": "{{token}}",
									"type": "string"
								}
							]
						},
						"method": "POST",
						"header": [],
						"body": {
							"mode": "raw",
							"raw": "{\r\n    \"planid\":0,\r\n    \"planname\":\"Basic\",\r\n    \"iscvplan\":\"N\",\r\n    \"maxlimit\":2,\r\n    \"day\":7,\r\n    \"price\":100.25\r\n}",
							"options": {
								"raw": {
									"language": "json"
								}
							}
						},
						"url": {
							"raw": "{{host}}/api/v1/recruitment/save_recruitmentplan",
							"host": [
								"{{host}}"
							],
							"path": [
								"api",
								"v1",
								"recruitment",
								"save_recruitmentplan"
							]
						}
					},
					"response": []
				},
				{
					"name": "get_recruitmentplan",
					"request": {
						"auth": {
							"type": "bearer",
							"bearer": [
								{
									"key": "token",
									"value": "{{token}}",
									"type": "string"
								}
							]
						},
						"method": "POST",
						"header": [],
						"body": {
							"mode": "raw",
							"raw": "{\r\n  \"isactive\": \"Y\",\r\n  \"pageable\":{\r\n      \"pageno\":0,\r\n      \"pagesize\":10\r\n  }\r\n}",
							"options": {
								"raw": {
									"language": "json"
								}
							}
						},
						"url": {
							"raw": "{{host}}/api/v1/recruitment/get_recruitmentplan",
							"host": [
								"{{host}}"
							],
							"path": [
								"api",
								"v1",
								"recruitment",
								"get_recruitmentplan"
							]
						}
					},
					"response": []
				}
			]
		},
		{
			"name": "uploadfile",
			"request": {
				"auth": {
					"type": "bearer",
					"bearer": [
						{
							"key": "token",
							"value": "{{token}}",
							"type": "string"
						}
					]
				},
				"method": "POST",
				"header": [],
				"body": {
					"mode": "formdata",
					"formdata": [
						{
							"key": "image",
							"type": "file",
							"src": "/C:/Users/HP/Downloads/image_small.png"
						}
					]
				},
				"url": {
					"raw": "{{host}}/api/v1/master/uploadfile",
					"host": [
						"{{host}}"
					],
					"path": [
						"api",
						"v1",
						"master",
						"uploadfile"
					]
				}
			},
			"response": []
		},
		{
			"name": "updatedatainobject",
			"request": {
				"auth": {
					"type": "bearer",
					"bearer": [
						{
							"key": "token",
							"value": "{{token}}",
							"type": "string"
						}
					]
				},
				"method": "POST",
				"header": [],
				"body": {
					"mode": "raw",
					"raw": "{\r\n \"Objectname\":\"<table_name>\",\r\n \"filed\":\"isactive='N'\",\r\n \"filter\":\"id in (1,2)\"\r\n}",
					"options": {
						"raw": {
							"language": "json"
						}
					}
				},
				"url": {
					"raw": "{{host}}/api/v1/common/updatedatainobject",
					"host": [
						"{{host}}"
					],
					"path": [
						"api",
						"v1",
						"common",
						"updatedatainobject"
					]
				}
			},
			"response": []
		},
		{
			"name": "getdataforobject",
			"request": {
				"auth": {
					"type": "bearer",
					"bearer": [
						{
							"key": "token",
							"value": "{{token}}",
							"type": "string"
						}
					]
				},
				"method": "POST",
				"header": [],
				"body": {
					"mode": "raw",
					"raw": "{\r\n \"objectname\":\"citymaster\",\r\n \"filed\":\"isactive\",\r\n \"filter\":\"cityid in (1,2)\"\r\n}",
					"options": {
						"raw": {
							"language": "json"
						}
					}
				},
				"url": {
					"raw": "{{host}}/api/v1/common/getdataforobject",
					"host": [
						"{{host}}"
					],
					"path": [
						"api",
						"v1",
						"common",
						"getdataforobject"
					]
				}
			},
			"response": []
		}
	],
	"event": [
		{
			"listen": "prerequest",
			"script": {
				"type": "text/javascript",
				"exec": [
					""
				]
			}
		},
		{
			"listen": "test",
			"script": {
				"type": "text/javascript",
				"exec": [
					""
				]
			}
		}
	],
	"variable": [
		{
			"key": "host",
			"value": "http://localhost:9091",
			"type": "string",
			"disabled": true
		},
		{
			"key": "host",
			"value": "http://34.198.166.47/cityjob",
			"type": "string"
		},
		{
			"key": "token",
			"value": "eyJhbGciOiJIUzUxMiJ9.eyJzdWIiOiJndWVzdEBjaXR5LmNvbSIsImlhdCI6MTY4MTYzODgyMCwiZXhwIjoxNjgxNjY3NjIwfQ.JnCkePg-KPA46Mf-QavyyLfnDdUzocyahfre1pWusEZcxYaKoUa6PzPKcQ2ZSTunjqscmL5q7PKr0VkIEyGoow",
			"type": "string"
		}
	]
}