{
  "user": [
    {
      "id": 1,
      "title": "json-server",
      "author": "typicode"
    },
    {
      "email": "jasu123@gmail.com",
      "password": "jasu@123",
      "confirmPassword": "jasu@123",
      "dob": "2023-03-24",
      "gender": "Female",
      "id": 2
    },
    {
      "email": "testing@mail.com",
      "password": "jasu@123",
      "confirmPassword": "jasu@123",
      "dob": "2023-03-16",
      "gender": "Female",
      "id": 5
    },
    {
      "email": "jasu123@gmail.com",
      "password": "jasu@123",
      "confirmPassword": "jasu@123",
      "dob": "2023-03-24",
      "gender": "Female",
      "id": 7
    },
    {
      "email": "jasu123@gmail.com",
      "password": "jasu@123",
      "confirmPassword": "jasu@123",
      "dob": "2023-03-07",
      "gender": "Female",
      "id": 8
    },
    {
      "email": "testing@mail.com",
      "password": "test@123",
      "confirmPassword": "test@123",
      "dob": "2023-03-18",
      "gender": "Female",
      "id": 9
    }
  ],
  "login": [
    {
      "email": "jasu123@gmail.com",
      "password": "jasu@123",
      "id": 6
    },
    {
      "email": "jasu123@gmail.com",
      "password": "jasu@1234",
      "id": 7
    },
    {
      "email": "jasu123@gmail.com",
      "password": "Jasu@123",
      "id": 8
    },
    {
      "email": "hemu@gmail.com",
      "password": "hemu@123",
      "id": 9
    },
    {
      "email": "jasu123@gmail.com",
      "password": "Jasu@123",
      "id": 10
    }
  ],
  "profile": {
    "name": "typicode"
  }
}